question,category,difficulty,answer,confidence,semantic_score,reliability_score,type_weight,source_agreement,hallucination_risk,evidence_coverage,reason,retrieved_chunks,evidence_chunks,unique_sources,answer_length,retrieval_time,aggregation_time,generation_time,total_latency,overall_runtime,sources
What are the symptoms of Type 2 diabetes?,Symptoms,Easy,"It is important to understand that individuals with type 2 diabetes may not show any noticeable symptoms for a long time, as blood sugar levels often rise slowly. When symptoms do occur, they can include excessive thirst, frequent urination, increased hunger, extreme fatigue, and unexplained weight loss. Because these symptoms can be subtle during the early stages, many people live with the condition for years without realizing it. Additionally, complications from the disease often do not cause clear clinical symptoms until the condition has progressed to an advanced stage, which is why routine screening is vital.",87.57,0.688,0.97,0.963,1.0,Very Low,100,"The answer synthesizes information from the provided documents regarding the asymptomatic nature of early type 2 diabetes and the classic symptoms, while explicitly listing those symptoms as requested.",8,4,4,621,0.238,0.001,4.55,4.789,4.789,ADA | Standards of Care in Diabetes 2024; ICMR | ICMR Guidelines for Management of Type 2 Diabetes; Wiley | Textbook of Diabetes; Ministry of Health Bhutan | Managing Diabetes Mellitus - Guide for Health Workers
What are the early symptoms of Type 2 diabetes?,Symptoms,Easy,"Identifying Type 2 diabetes early can be challenging because high blood sugar levels often rise slowly over many years. Because of this gradual onset, many people do not experience obvious warning signs in the initial stages. While some individuals may notice classic symptoms, others remain completely without symptoms for a long time. When symptoms do occur, they may include excessive thirst, frequent urination, increased hunger, significant fatigue, and unintended weight loss. It is important to remember that because these early signs can be subtle or absent, medical professionals often screen high-risk individuals for the condition even before formal symptoms appear.",87.04,0.672,0.97,0.963,1.0,Very Low,100,"The answer synthesizes information from the provided sources, noting that Type 2 diabetes is frequently asymptomatic or lacks severe early symptoms, while also listing the classic symptoms mentioned in the evidence.",8,4,4,677,0.02,0.0,3.466,3.487,3.487,ICMR | ICMR Guidelines for Management of Type 2 Diabetes; ADA | Standards of Care in Diabetes 2024; Wiley | Textbook of Diabetes; Ministry of Health Bhutan | Managing Diabetes Mellitus - Guide for Health Workers
Can Type 2 diabetes develop without symptoms?,Symptoms,Medium,"Yes, it is common for type 2 diabetes to develop without any noticeable warning signs. Because blood sugar levels often rise slowly over time, the condition can remain undiagnosed for many years as the hyperglycemia may not be severe enough for you to feel classic symptoms. While some people do experience signs like increased thirst, frequent need to urinate, or recurring infections in the skin, genitals, or urinary tract, others may have no symptoms at all. This is why regular screening is vital, especially if you have risk factors such as a family history of the disease or significant obesity. Because complications often do not cause noticeable symptoms until they are in an advanced stage, early diagnostic testing is essential to confirm the condition even when you feel perfectly healthy.",88.0,0.7,0.97,0.963,1.0,Very Low,100,"The answer integrates the possibility of asymptomatic presentation, the gradual nature of hyperglycemia, the specific symptoms mentioned, and the importance of screening as described in the provided texts.",8,4,4,801,0.02,0.0,3.671,3.692,3.692,ADA | Standards of Care in Diabetes 2024; ICMR | ICMR Guidelines for Management of Type 2 Diabetes; Wiley | Textbook of Diabetes; Ministry of Health Bhutan | Managing Diabetes Mellitus - Guide for Health Workers
Why do people with diabetes feel excessive thirst?,Symptoms,Medium,"When you have diabetes, your body struggles to process blood sugar correctly, leading to very high glucose levels in your bloodstream. To help clear this excess sugar, your kidneys pull more water from your body to flush it out through your urine. This process causes significant fluid loss, which triggers the intense feeling of being thirsty. Along with excessive thirst, other common signs of diabetes include frequent urination, sudden weight loss, and in more severe cases, recurrent infections or even a pre-coma state. If these symptoms are present, a doctor can confirm the diagnosis by checking a single elevated blood glucose reading.",74.98,0.64,0.955,0.935,0.5,Very Low,100,"The answer explains the physiological link between high blood sugar, polyuria, and thirst as described in the provided text, while listing the symptoms as requested.",8,2,2,644,0.021,0.002,3.497,3.52,3.52,Wiley | Textbook of Diabetes; Ministry of Health Bhutan | Managing Diabetes Mellitus - Guide for Health Workers
Why does diabetes cause frequent urination?,Symptoms,Medium,"When you have diabetes, the body may struggle to manage high levels of sugar in the blood, which eventually spills into the urine. This elevated concentration of glucose in the urine, combined with potential issues like incomplete emptying of the bladder, often leads to the need to urinate more often. Additionally, individuals with diabetes are more prone to urologic concerns, such as urinary tract infections and other lower urinary tract symptoms, which can further contribute to changes in your bathroom habits.",75.77,0.616,0.985,0.98,0.5,Very Low,100,"The answer synthesizes information from the provided texts regarding the mechanisms of high glucose in urine, bladder emptying difficulties, and associated urologic conditions linked to diabetes.",8,2,2,517,0.022,0.0,3.396,3.418,3.418,Wiley | Textbook of Diabetes; NIDDK | Diabetes in America (3rd Edition)
How is Type 2 diabetes diagnosed?,Diagnosis,Easy,"Diagnosing type 2 diabetes involves meeting specific clinical criteria, which can be confirmed in patients who already show clear signs of the disease or through screening in those who do not have obvious symptoms. It is vital to screen for the condition if you have significant risk factors, such as a family history of the disease, being significantly overweight, or experiencing repeated infections in the skin, genital area, or urinary tract. Because many complications do not produce noticeable symptoms until they reach a late stage, healthcare providers may need to perform additional testing to check for these issues early on, even during the prediabetic phase. Distinguishing type 2 diabetes from other forms can sometimes be complex at the time of initial testing, so your doctor will work with you to determine the most appropriate personalized care plan.",89.11,0.732,0.97,0.963,1.0,Very Low,100,"The answer synthesizes diagnostic criteria, risk factor assessment, and screening importance from the provided texts without using outside knowledge.",8,4,4,867,0.024,0.001,3.488,3.513,3.513,ADA | Standards of Care in Diabetes 2024; Wiley | Textbook of Diabetes; ICMR | ICMR Guidelines for Management of Type 2 Diabetes; Ministry of Health Bhutan | Managing Diabetes Mellitus - Guide for Health Workers
What is HbA1c?,Diagnosis,Easy,"HbA1c is a clinical measurement used alongside blood glucose testing to help identify patients, though it is important to note that these two methods may not always flag the same individuals.",72.11,0.662,0.99,0.96,0.25,Very Low,100,"The answer is derived strictly from the provided text, which notes that different individuals may be identified by HbA1c compared to glucose tests.",8,1,1,191,0.023,0.0,3.119,3.143,3.143,Wiley | Textbook of Diabetes
What fasting blood glucose level indicates diabetes?,Diagnosis,Medium,"A fasting plasma glucose level of 7.0 mmol/L (126 mg/dl) or higher is used to diagnose diabetes. When evaluating a patient, healthcare providers may also look for classic warning signs, which include excessive thirst, frequent urination, and rapid, unexplained weight loss. If you are experiencing these symptoms, your doctor can confirm a diagnosis through blood glucose testing, which may also involve checking your HbA1c levels or measuring your blood sugar two hours after a glucose tolerance test.",89.52,0.739,0.972,0.968,1.0,Very Low,100,All information provided regarding the diagnostic threshold and symptoms is directly supported by the WHO and Ministry of Health Bhutan sources.,8,4,4,502,0.027,0.0,3.373,3.401,3.401,WHO | Classification of Diabetes Mellitus; Wiley | Textbook of Diabetes; NIDDK | Diabetes in America (3rd Edition); Ministry of Health Bhutan | Managing Diabetes Mellitus - Guide for Health Workers
What is the oral glucose tolerance test?,Diagnosis,Medium,I could not find sufficient information in the current medical knowledge base.,80.41,0.744,0.99,0.98,0.5,Very Low,0,The provided evidence mentions the oral glucose tolerance test by name but does not explain what the procedure actually is or how it is performed.,8,2,2,78,0.02,0.0,3.0,3.021,3.021,ADA | Standards of Care in Diabetes 2024; Wiley | Textbook of Diabetes
When should adults be screened for Type 2 diabetes?,Diagnosis,Hard,"For most adults, testing for Type 2 diabetes should begin at age 30. However, if you have additional risk factors, it is recommended that you start the screening process at an earlier age. Furthermore, your healthcare provider may suggest testing if you are currently taking specific medications, such as statins, thiazide diuretics, or glucocorticoids.",84.3,0.715,0.987,0.98,0.75,Very Low,100,The answer synthesizes age-based screening guidelines from ICMR and medication-based screening considerations from the ADA.,8,3,3,353,0.021,0.001,3.313,3.334,3.334,ADA | Standards of Care in Diabetes 2024; ICMR | ICMR Guidelines for Management of Type 2 Diabetes; Wiley | Textbook of Diabetes
How is Type 2 diabetes treated?,Treatment,Easy,"Managing type 2 diabetes is a complex process because the condition naturally progresses over time. The primary goal of treatment is to maintain healthy blood sugar levels, which helps to alleviate immediate symptoms and lowers the risk of developing serious long-term complications that can affect your blood vessels and overall health. Because this is a chronic and multifaceted disorder, it requires careful and ongoing medical attention to protect your quality of life and long-term well-being.",78.55,0.742,0.955,0.935,0.5,Very Low,100,"The answer directly addresses the goals and nature of type 2 diabetes management as described in the provided texts, while excluding external information not found in the source documents.",8,2,2,498,0.019,0.0,3.289,3.309,3.309,Wiley | Textbook of Diabetes; Ministry of Health Bhutan | Managing Diabetes Mellitus - Guide for Health Workers
What lifestyle changes help control Type 2 diabetes?,Treatment,Easy,"Managing type 2 diabetes effectively involves making sustainable modifications to your daily habits. Based on clinical studies, focusing on targeted dietary adjustments and consistent nutritional strategies is essential for both preventing the onset of the condition and successfully managing it once diagnosed. Adopting these healthier lifestyle patterns helps your body process glucose more effectively and is considered a primary pillar of diabetes care.",78.37,0.726,0.975,0.93,0.5,Very Low,100,The provided evidence supports the role of lifestyle and dietary modifications in the prevention and management of type 2 diabetes.,8,2,2,457,0.02,0.0,3.298,3.318,3.319,Wiley | Textbook of Diabetes; CDC | Breaking Barriers - CDC and ADA Unite to Combat Diabetes
When is insulin required for Type 2 diabetes?,Treatment,Medium,"For individuals with Type 2 diabetes, insulin therapy may be necessary to manage blood sugar levels effectively. While Type 2 diabetes is often managed through other means, some patients require insulin to maintain proper glycemic control. If you and your healthcare provider determine that insulin is needed, you do not typically require hospitalization to begin this treatment, as it is increasingly managed in outpatient settings like clinics or your doctor's office. When discussing insulin, it is important to be aware that potential side effects can include an increase in body weight, which is often related to the specific dosage taken, as well as the risk of low blood sugar, known as hypoglycemia.",86.97,0.669,0.972,0.963,1.0,Very Low,100,"The answer synthesizes information regarding the necessity of insulin for control, the outpatient nature of its initiation, and the common side effects mentioned in the provided medical texts.",8,4,4,707,0.026,0.0,60.247,60.274,60.274,WHO | Classification of Diabetes Mellitus; Wiley | Textbook of Diabetes; ICMR | ICMR Guidelines for Management of Type 2 Diabetes; Ministry of Health Bhutan | Managing Diabetes Mellitus - Guide for Health Workers
Can exercise reduce blood glucose levels?,Treatment,Easy,"Yes, physical activity is effective at lowering blood glucose levels. Clinical data shows that both moderate continuous physical activity and intermittent high-intensity exercise result in a decrease in glucose concentrations. This reduction occurs during the exercise session and continues into the recovery period following the activity.",74.61,0.733,0.99,0.96,0.25,Very Low,100,"The answer is derived directly from the data points provided in Figure 23.5 of the source document, which illustrates the decline in blood glucose during and after exercise.",8,1,1,339,0.019,0.0,3.731,3.75,3.75,Wiley | Textbook of Diabetes
How does weight loss improve diabetes control?,Treatment,Medium,"Maintaining a healthy body weight is a vital strategy for managing diabetes and minimizing health complications. By incorporating lifestyle interventions that promote weight loss, you can significantly lower the risks associated with the disease and, in some cases, achieve long-term remission of type 2 diabetes. Furthermore, combining weight management with physical activity helps your body use insulin more effectively, lowers blood pressure, and improves circulation. These lifestyle changes also assist in preventing cardiovascular issues like atherosclerosis and help keep blood sugar and blood fat levels under better control.",82.18,0.702,0.96,0.93,0.75,Very Low,100,The answer synthesizes information from the provided texts regarding the clinical benefits of weight loss and activity on diabetes management and related complications.,8,3,3,634,0.016,0.0,3.229,3.246,3.246,Wiley | Textbook of Diabetes; BMJ | Advances in the Management of Type 2 Diabetes in Adults; Ministry of Health Bhutan | Managing Diabetes Mellitus - Guide for Health Workers
What are the major risk factors for Type 2 diabetes?,Risk Factors,Easy,"Developing Type 2 diabetes is linked to several different factors, some of which you can change and others that are inherited. A primary area of concern includes genetic factors, as researchers have identified specific gene variations that influence your risk of developing the condition. Beyond your genetic makeup, your environment and habits play a significant role. Adopting a westernized lifestyle and living in urbanized areas are strongly associated with a higher likelihood of receiving a diagnosis. The good news is that by identifying these modifiable risk factors, you can take proactive steps to prevent or delay the onset of the disease.",84.22,0.743,0.963,0.957,0.75,Very Low,100,The answer synthesizes the genetic components mentioned in the NIDDK source with the lifestyle and environmental factors highlighted by Wiley and the Ministry of Health Bhutan.,8,3,3,650,0.03,0.0,3.402,3.433,3.433,Wiley | Textbook of Diabetes; NIDDK | Diabetes in America (3rd Edition); Ministry of Health Bhutan | Managing Diabetes Mellitus - Guide for Health Workers
Does obesity increase diabetes risk?,Risk Factors,Easy,"Yes, being overweight is a major factor in the development of type 2 diabetes. Obesity is fundamentally linked to the way this disease starts and progresses, and it can also complicate how we manage your condition and the results of your treatment. Additionally, having a cluster of related health issues known as metabolic syndrome can make you two to five times more likely to develop diabetes compared to the general population. The good news is that medical research shows that losing weight—especially a reduction of more than 10 percent of your body mass—can be a powerful tool to help prevent, treat, or even potentially reverse the condition. Obesity is also linked to several other health complications, including chronic kidney disease, various forms of cancer, difficulties with bladder control, fatty liver disease, joint pain from osteoarthritis, fertility challenges, pauses in breathing during sleep, and persistent heartburn.",79.03,0.735,0.98,0.94,0.5,Very Low,100,"The answer synthesizes the relationship between obesity, metabolic syndrome, and diabetes risk as described in the provided texts, and includes the mentioned comorbidities.",8,2,2,941,0.021,0.001,3.649,3.671,3.671,Wiley | Textbook of Diabetes; BMJ | Advances in the Management of Type 2 Diabetes in Adults
Does family history increase diabetes risk?,Risk Factors,Easy,I could not find sufficient information in the current medical knowledge base.,73.79,0.71,0.99,0.96,0.25,Very Low,0,"The provided medical source discusses the psychological impact of a diabetes diagnosis on families and the management challenges faced by mothers, but it does not contain any information regarding whether a family history increases an individual's risk of developing the condition.",8,1,1,78,0.019,0.0,3.151,3.17,3.17,Wiley | Textbook of Diabetes
Can physical inactivity increase diabetes risk?,Risk Factors,Easy,"Yes, leading a sedentary lifestyle significantly raises your risk of developing type 2 diabetes. When you are physically inactive, your body struggles to respond properly to the insulin it produces, making the hormone less effective at managing your blood sugar levels. By becoming more active, you can improve how your body uses insulin and lower your chances of developing this condition. Furthermore, maintaining a good level of cardiorespiratory fitness is associated with better health outcomes for those already living with diabetes.",81.53,0.684,0.96,0.93,0.75,Very Low,100,"The answer integrates the provided evidence regarding the link between physical inactivity, insulin resistance, and the development of type 2 diabetes.",8,3,3,539,0.028,0.001,3.213,3.242,3.242,Wiley | Textbook of Diabetes; BMJ | Advances in the Management of Type 2 Diabetes in Adults; Ministry of Health Bhutan | Managing Diabetes Mellitus - Guide for Health Workers
Does increasing age increase diabetes risk?,Risk Factors,Medium,"Yes, aging is associated with an increased prevalence of Type 2 diabetes, and older individuals with the condition are at a higher risk for developing macrovascular complications. It is important to note, however, that the age at which people are diagnosed is trending downward globally, meaning more young people are now being affected by the disease.",77.78,0.72,0.955,0.935,0.5,Very Low,100,"The answer synthesizes information regarding the correlation between aging and diabetes prevalence, the specific risks for the elderly population, and the emerging trend of earlier onset.",8,2,2,352,0.024,0.0,3.337,3.361,3.361,Wiley | Textbook of Diabetes; Ministry of Health Bhutan | Managing Diabetes Mellitus - Guide for Health Workers
Can Type 2 diabetes be prevented?,Prevention,Easy,"Yes, it is possible to prevent or at least delay the onset of Type 2 diabetes. The development of this condition is often linked to specific risk factors that you can influence through lifestyle changes. By identifying and addressing these modifiable risks, you can significantly reduce your chances of developing the disease. It is important to be aware that Type 2 diabetes is a chronic and progressive condition that impacts your cardiovascular and metabolic health. While the disease is progressive in nature, proactive management and focusing on health adjustments early on can help you avoid or postpone its development.",83.83,0.749,0.96,0.93,0.75,Very Low,100,"All information regarding the preventability of Type 2 diabetes via modifiable risk factors and its nature as a chronic, progressive condition is directly supported by the provided source documents.",8,3,3,626,0.019,0.0,3.403,3.423,3.423,Wiley | Textbook of Diabetes; BMJ | Advances in the Management of Type 2 Diabetes in Adults; Ministry of Health Bhutan | Managing Diabetes Mellitus - Guide for Health Workers
How does regular exercise help prevent diabetes?,Prevention,Medium,"Engaging in regular physical activity is a vital strategy for preventing or delaying the onset of type 2 diabetes. Exercise helps your body by increasing your sensitivity to insulin, which allows your system to manage blood sugar levels more effectively. When you are active, your body balances the production and use of glucose to keep your levels stable, and your insulin needs decrease. Furthermore, staying active provides significant cardiovascular benefits, such as lowering your blood pressure, improving blood circulation, and helping to prevent the hardening of your arteries. Beyond these physiological improvements, regular movement enhances your physical work capacity and contributes to a better overall sense of well-being and quality of life.",82.52,0.712,0.96,0.93,0.75,Very Low,100,"The answer synthesizes information from the Wiley, BMJ, and Ministry of Health Bhutan documents regarding insulin sensitivity, blood glucose homeostasis, cardiovascular health, and general well-being.",8,3,3,757,0.04,0.001,3.466,3.507,3.507,Wiley | Textbook of Diabetes; BMJ | Advances in the Management of Type 2 Diabetes in Adults; Ministry of Health Bhutan | Managing Diabetes Mellitus - Guide for Health Workers
Can healthy eating reduce diabetes risk?,Prevention,Easy,"Yes, adopting healthy eating habits is a highly effective way to lower your risk of developing diabetes. Because this condition is often linked to lifestyle factors such as poor diet and obesity, choosing a nutritious, balanced diet can help prevent its onset. It is particularly important to limit items like processed foods, refined rice, snacks such as biscuits or bread, sugary beverages, and excessive salt. Instead, you should aim to increase your intake of vegetables and fruits. Furthermore, maintaining a healthy body weight through proper nutrition management and physical activity is essential for reducing diabetes-related risks. While the provided medical information mentions diabetes as a metabolic disorder involving how your body processes carbohydrates and fats, it focuses primarily on the preventative power of diet and weight control rather than detailing specific symptoms or diagnostic tests.",82.34,0.707,0.96,0.93,0.75,Very Low,100,"The answer synthesizes information from the provided documents regarding the link between diet, lifestyle, and diabetes prevention, adhering strictly to the source material.",8,3,3,915,0.038,0.001,3.646,3.685,3.685,Ministry of Health Bhutan | Managing Diabetes Mellitus - Guide for Health Workers; Wiley | Textbook of Diabetes; BMJ | Advances in the Management of Type 2 Diabetes in Adults
What are the long-term complications of diabetes?,Complications,Easy,"Long-term health issues linked to diabetes are primarily determined by how long you have had the condition and how well your blood sugar levels are managed. These chronic complications are broadly categorized into damage to small blood vessels and damage to large blood vessels. Small vessel damage often leads to vision loss or blindness due to eye problems, kidney failure, and nerve damage that can result in amputations. Large vessel complications include serious heart and circulatory conditions, such as coronary artery disease, stroke, and peripheral vascular disease. Additionally, living with diabetes over time may increase the risk of other health concerns, including cancer, cognitive decline or dementia, reduced physical function, and a generally lower quality of life.",87.66,0.701,0.968,0.948,1.0,Very Low,100,All information provided was synthesized from the four provided documents regarding chronic diabetes complications.,8,4,4,783,0.029,0.001,3.555,3.585,3.585,ADA | Diabetes Prevention Program Outcomes Study; ICMR | ICMR Guidelines for Management of Type 2 Diabetes; Wiley | Textbook of Diabetes; Ministry of Health Bhutan | Managing Diabetes Mellitus - Guide for Health Workers
How does diabetes affect the kidneys?,Complications,Medium,"Diabetes can lead to a condition known as diabetic nephropathy, which typically progresses over a span of 10 to 20 years. A key indicator of this kidney damage is the presence of albuminuria, which refers to the elevation of a specific protein called albumin in your urine. The development of this condition involves changes to podocytes, which are specialized cells within the kidneys, and it is often associated with hyperfiltration. To manage the condition and slow down further harm to your kidneys once protein begins appearing in your urine, it is essential to maintain tight control over your blood pressure and blood sugar levels.",82.49,0.694,0.963,0.957,0.75,Very Low,100,"The answer synthesizes the provided evidence regarding the timeline of nephropathy, the role of albuminuria and podocyte changes, and the importance of hypertension and glycemic management.",8,3,3,638,0.027,0.0,3.496,3.524,3.524,Wiley | Textbook of Diabetes; NIDDK | Diabetes in America (3rd Edition); Ministry of Health Bhutan | Managing Diabetes Mellitus - Guide for Health Workers
How does diabetes affect the eyes?,Complications,Medium,"Diabetes can significantly impact your eye health, most notably through a condition called retinopathy, which can progress to blindness if left unmanaged. Beyond this, you may experience complications such as lens clouding, cataracts, or persistent dry eyes. Other potential issues include increased pressure within the eye, inflammation of the iris, corneal ulcers, and pigment deposits. You might also encounter problems such as nerve-related weakness in the muscles that move your eyes or other neurological effects that can influence eye function. Keeping your blood sugar levels well-regulated is essential, as good glycemic control is vital to potentially reversing these ocular complications. In some instances where early eye issues are detected, your doctor may recommend insulin therapy.",86.96,0.666,0.972,0.968,1.0,Very Low,100,"All information provided is synthesized directly from the four provided medical sources regarding diabetic eye complications, potential symptoms, and management.",8,4,4,797,0.022,0.0,3.678,3.7,3.7,NIDDK | Diabetes in America (3rd Edition); Wiley | Textbook of Diabetes; WHO | Classification of Diabetes Mellitus; Ministry of Health Bhutan | Managing Diabetes Mellitus - Guide for Health Workers
What diet is recommended for people with Type 2 diabetes?,Lifestyle,Easy,"For individuals managing Type 2 diabetes, there is no single universal meal plan. Instead, your dietary approach should be highly personalized based on your specific age, height, weight, gender, physical activity level, and cultural preferences. A primary goal of your nutritional management is to support weight loss and maintain healthy blood sugar levels, which helps prevent long-term complications and improves your overall well-being. A successful eating strategy focuses on consuming a variety of nutrient-rich foods while significantly cutting back on or completely avoiding items like added sugars, processed grains, and highly manufactured snacks.",83.28,0.706,0.98,0.953,0.75,Very Low,100,"The answer synthesizes all points from the provided sources regarding personalization, weight loss, and the emphasis on nutrient-dense foods over processed items.",8,3,3,657,0.022,0.0,3.469,3.492,3.492,Wiley | Textbook of Diabetes; ICMR | ICMR Guidelines for Management of Type 2 Diabetes; BMJ | Advances in the Management of Type 2 Diabetes in Adults
Is walking beneficial for people with diabetes?,Lifestyle,Easy,"Yes, incorporating walking into your routine is highly recommended for managing diabetes. Engaging in regular physical activity, such as walking, has been shown to lower the likelihood of developing type 2 diabetes. Additionally, staying active helps improve your body's circulation by promoting the development of collateral blood flow, which is beneficial for your overall vascular health.",76.43,0.682,0.955,0.935,0.5,Very Low,100,The answer directly synthesizes the benefits of walking and exercise mentioned in the provided medical texts.,8,2,2,391,0.023,0.0,3.314,3.337,3.337,Wiley | Textbook of Diabetes; Ministry of Health Bhutan | Managing Diabetes Mellitus - Guide for Health Workers
What is metformin used for in diabetes?,Medication,Easy,"Metformin is a standard medication typically used as a first-line treatment for adults managing type 2 diabetes. It is highly regarded by medical professionals for its ability to effectively lower blood sugar levels. Patients often prefer this medication because it is easy to take, remains affordable, and generally does not cause weight gain. Furthermore, it is associated with a very low risk of experiencing hypoglycemia, or dangerously low blood sugar, which is a significant safety benefit. Recent clinical findings also highlight its role in supporting better heart and kidney health outcomes in those living with diabetes.",80.99,0.791,0.98,0.94,0.5,Very Low,100,"The answer synthesizes all information regarding the clinical use, benefits, and safety profile of metformin as provided in the source documents.",8,2,2,630,0.025,0.001,3.481,3.507,3.507,Wiley | Textbook of Diabetes; BMJ | Advances in the Management of Type 2 Diabetes in Adults
When should a person with diabetes seek emergency medical care?,Emergency,Hard,I could not find sufficient information in the current medical knowledge base.,72.13,0.662,0.99,0.96,0.25,Very Low,0,"The provided evidence discusses the impact of a nurse-directed disease management program on healthcare utilization, but it does not specify the medical criteria or symptoms that necessitate emergency care for a person with diabetes.",8,1,1,78,0.022,0.0,3.761,3.783,3.783,Wiley | Textbook of Diabetes
